{"cameraMode":{"drawMode":0,"name":"Shaded","section":"Shading Mode"},"sceneLighting":true,"audioPlay":false,"sceneViewState":{"m_AlwaysRefresh":false,"showFog":true,"showSkybox":true,"showFlares":true,"showImageEffects":true,"showParticleSystems":true,"showVisualEffectGraphs":true,"m_FxEnabled":true},"in2DMode":false,"pivot":{"x":-6.092005729675293,"y":2.339607000350952,"z":8.151283264160157},"rotation":{"x":-0.14102257788181306,"y":0.18426276743412019,"z":-0.026644015684723855,"w":-0.9724500179290772},"size":0.8660253882408142,"orthographic":false}