{"cameraMode":{"drawMode":0,"name":"Shaded","section":"Shading Mode"},"sceneLighting":true,"audioPlay":false,"sceneViewState":{"m_AlwaysRefresh":false,"showFog":true,"showSkybox":true,"showFlares":true,"showImageEffects":true,"showParticleSystems":true,"showVisualEffectGraphs":true,"m_FxEnabled":true},"in2DMode":false,"pivot":{"x":0.6864473819732666,"y":1.585073709487915,"z":-3.7097666263580324},"rotation":{"x":0.26084744930267336,"y":-0.5195044279098511,"z":0.17033469676971436,"w":0.7956923842430115},"size":1.2247449159622193,"orthographic":false}