{"cameraMode":{"drawMode":0,"name":"Shaded","section":"Shading Mode"},"sceneLighting":false,"audioPlay":false,"sceneViewState":{"m_AlwaysRefresh":false,"showFog":true,"showSkybox":false,"showFlares":true,"showImageEffects":true,"showParticleSystems":true,"showVisualEffectGraphs":true,"m_FxEnabled":true},"in2DMode":false,"pivot":{"x":-10.134868621826172,"y":1.1120352745056153,"z":10.447134971618653},"rotation":{"x":0.047295697033405307,"y":-0.9253450632095337,"z":0.12284021079540253,"w":0.35584965348243716},"size":1.5984033346176148,"orthographic":false}